file	bytes	sequential	nonfast_was	orig_llm
uid-101__uid_101__artifact_e4fd858a-ed8c-4cce-a815-8577047c0b29.py	642511	_aiphqpadxj	_ohciwonqdb	_hvhliqwzho
uid-105__uid_105__artifact_63e1ef1e-ab65-4443-93da-75de335f7b9a.py	552231	_uipepqhrtk	_uipepqhrtk	_aecjxjkolv
uid-132__uid_132__artifact_f919d92c-8531-40fc-91ee-2baacd3260b0.py	629226	_wusscmezkw	_wusscmezkw	_hajkttnaai
uid-14__uid_14__artifact_36946787-2c67-406e-abe0-480c42b49268.py	593803	_auzbvkunxc	_auzbvkunxc	_jskjooqbtm
uid-167__uid_167__artifact_180088ad-7562-4751-8f39-b71941b3fbf9.py	630858	_sgxkrsnyjf	_ghzqgykujl	_slvkebavsc
uid-173__uid_173__artifact_17db96c8-e2cc-416f-98d1-4e0376cfc94f.py	516912	_hhpwscrgng	_ggdevrkgbf	_papbedarrs
uid-206__uid_206__artifact_a1992dc4-4365-4e8e-9c8f-334e302087dc.py	570115	_xevfugolqv	_ryqpsdsiio	_wyanilyaoa
uid-215__uid_215__artifact_71e5b61a-b49b-4ae3-b318-ac507564a9f4.py	580775	_ysuspbotky	_ysuspbotky	_wrxtgszyec
uid-242__uid_242__artifact_3e368f45-52cc-4c7b-aeca-d9f7600fc83e.py	636522	_hslyhkqvzw	_mzniaktifk	_hfglegpnin
uid-244__uid_75__artifact_f2604e05-1ff1-4861-84c8-97777d24d51c.py	644419	_pqzlvyqyne	_pqzlvyqyne	_schyjhnajm
uid-27__uid_27__artifact_69ee20b5-1b94-41fd-bbe6-9a4e9ade1b1a.py	646570	_qpdhzhonlf	_qpdhzhonlf	_mzqhcswveo
uid-56__uid_56__artifact_0c13e4ab-5a81-4756-b72e-064c0b1e2de0.py	645070	_wtqqttgrws	_wtqqttgrws	_rnxtoxefpi
uid-68__uid_68__artifact_cea1edf0-20d9-4c52-b338-697c6026b814.py	640881	_nhiqynkcnq	_nhiqynkcnq	_drkseiumgv
uid-6__uid_6__artifact_be04f22c-d14a-4478-b70e-78b3c8c5e86a.py	642716	_dfcmyzbzkm	_dfcmyzbzkm	_uxdacrlpvz
uid-80__uid_80__artifact_1afe2eb2-6a46-421a-a783-0f452958b816.py	633275	_fewhvdljve	_fewhvdljve	_amuttvnypw
uid-83__uid_175__artifact_6f843e39-a9db-4e99-a1cb-2bc2ea641697.py	617770	_jcaktcivdw	_fezknmejlf	_khncgdghgs
uid-90__uid_90__artifact_58b5761e-7cf1-4493-a303-cbb101396b8a.py	646576	_zlqpvnqdik	_qbhrwdmfta	_tnvpkympus
